object_id,annotation_type,annotation_text,annotation_uri,fragment
218010001003,Page type,Lege pagina,http://purl.org/vocab/nl/ubvu/EmptyPage,null
218010001005,Page type,Lege pagina,http://purl.org/vocab/nl/ubvu/EmptyPage,null
218010001015,Page type,Kleine illustraties en tekst op pagina,http://purl.org/vocab/nl/ubvu/TextAndIllustrationPage,null
218010001016,Page type,Lege pagina,http://purl.org/vocab/nl/ubvu/EmptyPage,null
218010001017,Page type,Kleine illustraties en tekst op pagina,http://purl.org/vocab/nl/ubvu/TextAndIllustrationPage,null
218010001018,Page type,Enkel tekst op pagina,http://purl.org/vocab/nl/ubvu/OnlyTextPage,null
218010001021,Page type,Miniaturen en tekst op pagina,http://purl.org/vocab/nl/ubvu/IlluminatedCapitalsAndTextPage,null
218010001022,Page type,Kleine illustraties en tekst op pagina,http://purl.org/vocab/nl/ubvu/TextAndIllustrationPage,null
218010001026,Page type,Enkel tekst op pagina,http://purl.org/vocab/nl/ubvu/OnlyTextPage,null
218010001027,Page type,Paginavullende illustratie,http://purl.org/vocab/nl/ubvu/FullPageIllustration,null
218010001029,Page type,Miniaturen en tekst op pagina,http://purl.org/vocab/nl/ubvu/IlluminatedCapitalsAndTextPage,null
218010001032,Page type,Kleine illustraties en tekst op pagina,http://purl.org/vocab/nl/ubvu/TextAndIllustrationPage,null
218010001033,Page type,Paginavullende illustratie,http://purl.org/vocab/nl/ubvu/FullPageIllustration,null
218010001035,Page type,Miniaturen en tekst op pagina,http://purl.org/vocab/nl/ubvu/IlluminatedCapitalsAndTextPage,null
218010001038,Page type,Kleine illustraties en tekst op pagina,http://purl.org/vocab/nl/ubvu/TextAndIllustrationPage,null
218010001050,Page type,Gedeeltijke illustratie op pagina,http://purl.org/vocab/nl/ubvu/PartialIllustrationPage,null
218010001056,Page type,Lege pagina,http://purl.org/vocab/nl/ubvu/EmptyPage,null
218010001060,Page type,Lege pagina,http://purl.org/vocab/nl/ubvu/EmptyPage,null
218010001065,Page type,Miniaturen en tekst op pagina,http://purl.org/vocab/nl/ubvu/IlluminatedCapitalsAndTextPage,null
218010001068,Page type,Lege pagina,http://purl.org/vocab/nl/ubvu/EmptyPage,null
218010001071,Page type,Paginavullende illustratie,http://purl.org/vocab/nl/ubvu/FullPageIllustration,null
218010001072,Page type,Lege pagina,http://purl.org/vocab/nl/ubvu/EmptyPage,null
218010001076,Page type,Lege pagina,http://purl.org/vocab/nl/ubvu/EmptyPage,null
218010001079,Page type,Paginavullende illustratie,http://purl.org/vocab/nl/ubvu/FullPageIllustration,null
218010001081,Page type,Miniaturen en tekst op pagina,http://purl.org/vocab/nl/ubvu/IlluminatedCapitalsAndTextPage,null
218010001082,Page type,Kleine illustraties en tekst op pagina,http://purl.org/vocab/nl/ubvu/TextAndIllustrationPage,null
218010001084,Page type,Lege pagina,http://purl.org/vocab/nl/ubvu/EmptyPage,null
218010001087,Page type,Paginavullende illustratie,http://purl.org/vocab/nl/ubvu/FullPageIllustration,null
218010001093,Page type,Miniaturen en tekst op pagina,http://purl.org/vocab/nl/ubvu/IlluminatedCapitalsAndTextPage,null
218010001094,Page type,Kleine illustraties en tekst op pagina,http://purl.org/vocab/nl/ubvu/TextAndIllustrationPage,null
218010001095,Page type,Paginavullende illustratie,http://purl.org/vocab/nl/ubvu/FullPageIllustration,null
218010001097,Page type,Miniaturen en tekst op pagina,http://purl.org/vocab/nl/ubvu/IlluminatedCapitalsAndTextPage,null
218010001102,Page type,Kleine illustraties en tekst op pagina,http://purl.org/vocab/nl/ubvu/TextAndIllustrationPage,null
218010001103,Page type,Paginavullende illustratie,http://purl.org/vocab/nl/ubvu/FullPageIllustration,null
218010001104,Page type,Lege pagina,http://purl.org/vocab/nl/ubvu/EmptyPage,null
218010001105,Page type,Miniaturen en tekst op pagina,http://purl.org/vocab/nl/ubvu/IlluminatedCapitalsAndTextPage,null
218010001109,Page type,Miniaturen en tekst op pagina,http://purl.org/vocab/nl/ubvu/IlluminatedCapitalsAndTextPage,null
218010001110,Page type,Kleine illustraties en tekst op pagina,http://purl.org/vocab/nl/ubvu/TextAndIllustrationPage,null
218010001112,Page type,Lege pagina,http://purl.org/vocab/nl/ubvu/EmptyPage,null
218010001114,Page type,Kleine illustraties en tekst op pagina,http://purl.org/vocab/nl/ubvu/TextAndIllustrationPage,null
218010001124,Page type,Lege pagina,http://purl.org/vocab/nl/ubvu/EmptyPage,null
218010001126,Page type,Kleine illustraties en tekst op pagina,http://purl.org/vocab/nl/ubvu/TextAndIllustrationPage,null
218010001127,Page type,Paginavullende illustratie,http://purl.org/vocab/nl/ubvu/FullPageIllustration,null
218010001129,Page type,Miniaturen en tekst op pagina,http://purl.org/vocab/nl/ubvu/IlluminatedCapitalsAndTextPage,null
218010001136,Page type,Lege pagina,http://purl.org/vocab/nl/ubvu/EmptyPage,null
218010001139,Page type,Paginavullende illustratie,http://purl.org/vocab/nl/ubvu/FullPageIllustration,null
218010001143,Page type,Paginavullende illustratie,http://purl.org/vocab/nl/ubvu/FullPageIllustration,null
218010001145,Page type,Miniaturen en tekst op pagina,http://purl.org/vocab/nl/ubvu/IlluminatedCapitalsAndTextPage,null
218010001146,Page type,Kleine illustraties en tekst op pagina,http://purl.org/vocab/nl/ubvu/TextAndIllustrationPage,null
218010001147,Page type,Paginavullende illustratie,http://purl.org/vocab/nl/ubvu/FullPageIllustration,null
218010001150,Page type,Kleine illustraties en tekst op pagina,http://purl.org/vocab/nl/ubvu/TextAndIllustrationPage,null
218010001151,Page type,Kleine illustraties en tekst op pagina,http://purl.org/vocab/nl/ubvu/TextAndIllustrationPage,null
218010001154,Page type,Kleine illustraties en tekst op pagina,http://purl.org/vocab/nl/ubvu/TextAndIllustrationPage,null
218010001155,Page type,Paginavullende illustratie,http://purl.org/vocab/nl/ubvu/FullPageIllustration,null
218010001157,Page type,Miniaturen en tekst op pagina,http://purl.org/vocab/nl/ubvu/IlluminatedCapitalsAndTextPage,null
218010001158,Page type,Kleine illustraties en tekst op pagina,http://purl.org/vocab/nl/ubvu/TextAndIllustrationPage,null
218010001162,Page type,Kleine illustraties en tekst op pagina,http://purl.org/vocab/nl/ubvu/TextAndIllustrationPage,null
218010001165,Page type,Miniaturen en tekst op pagina,http://purl.org/vocab/nl/ubvu/IlluminatedCapitalsAndTextPage,null
218010001167,Page type,Paginavullende illustratie,http://purl.org/vocab/nl/ubvu/FullPageIllustration,null
218010001168,Page type,Lege pagina,http://purl.org/vocab/nl/ubvu/EmptyPage,null
218010001172,Page type,Lege pagina,http://purl.org/vocab/nl/ubvu/EmptyPage,null
218010001173,Page type,Miniaturen en tekst op pagina,http://purl.org/vocab/nl/ubvu/IlluminatedCapitalsAndTextPage,null
218010001178,Page type,Kleine illustraties en tekst op pagina,http://purl.org/vocab/nl/ubvu/TextAndIllustrationPage,null
218010001179,Page type,Paginavullende illustratie,http://purl.org/vocab/nl/ubvu/FullPageIllustration,null
218010001186,Page type,Kleine illustraties en tekst op pagina,http://purl.org/vocab/nl/ubvu/TextAndIllustrationPage,null
218010001190,Page type,Kleine illustraties en tekst op pagina,http://purl.org/vocab/nl/ubvu/TextAndIllustrationPage,null
218010001193,Page type,Miniaturen en tekst op pagina,http://purl.org/vocab/nl/ubvu/IlluminatedCapitalsAndTextPage,null
218010001195,Page type,Paginavullende illustratie,http://purl.org/vocab/nl/ubvu/FullPageIllustration,null
218010001197,Page type,Miniaturen en tekst op pagina,http://purl.org/vocab/nl/ubvu/IlluminatedCapitalsAndTextPage,null
218010001198,Page type,Enkel tekst op pagina,http://purl.org/vocab/nl/ubvu/OnlyTextPage,null
218010001199,Page type,Enkel tekst op pagina,http://purl.org/vocab/nl/ubvu/OnlyTextPage,null
218010001200,Page type,Kleine illustraties en tekst op pagina,http://purl.org/vocab/nl/ubvu/TextAndIllustrationPage,null
218010001201,Page type,Paginavullende illustratie,http://purl.org/vocab/nl/ubvu/FullPageIllustration,null
218010001202,Page type,Lege pagina,http://purl.org/vocab/nl/ubvu/EmptyPage,null
218010001203,Page type,Miniaturen en tekst op pagina,http://purl.org/vocab/nl/ubvu/IlluminatedCapitalsAndTextPage,null
218010001204,Page type,Kleine illustraties en tekst op pagina,http://purl.org/vocab/nl/ubvu/TextAndIllustrationPage,null
218010001205,Page type,Paginavullende illustratie,http://purl.org/vocab/nl/ubvu/FullPageIllustration,null
218010001211,Page type,Paginavullende illustratie,http://purl.org/vocab/nl/ubvu/FullPageIllustration,null
218010001212,Page type,Lege pagina,http://purl.org/vocab/nl/ubvu/EmptyPage,null
218010001221,Page type,Miniaturen en tekst op pagina,http://purl.org/vocab/nl/ubvu/IlluminatedCapitalsAndTextPage,null
218010001223,Page type,Lege pagina,http://purl.org/vocab/nl/ubvu/EmptyPage,null
218010001231,Page type,Miniaturen en tekst op pagina,http://purl.org/vocab/nl/ubvu/IlluminatedCapitalsAndTextPage,null
218010001232,Page type,Kleine illustraties en tekst op pagina,http://purl.org/vocab/nl/ubvu/TextAndIllustrationPage,null
218010001235,Page type,Miniaturen en tekst op pagina,http://purl.org/vocab/nl/ubvu/IlluminatedCapitalsAndTextPage,null
218010001238,Page type,Gedeeltijke illustratie op pagina,http://purl.org/vocab/nl/ubvu/PartialIllustrationPage,null
218010001242,Page type,Kleine illustraties en tekst op pagina,http://purl.org/vocab/nl/ubvu/TextAndIllustrationPage,null
218010001243,Page type,Paginavullende illustratie,http://purl.org/vocab/nl/ubvu/FullPageIllustration,null
218010001245,Page type,Miniaturen en tekst op pagina,http://purl.org/vocab/nl/ubvu/IlluminatedCapitalsAndTextPage,null
218010001255,Page type,Paginavullende illustratie,http://purl.org/vocab/nl/ubvu/FullPageIllustration,null
218010001259,Page type,Paginavullende illustratie,http://purl.org/vocab/nl/ubvu/FullPageIllustration,null
218010001261,Page type,Miniaturen en tekst op pagina,http://purl.org/vocab/nl/ubvu/IlluminatedCapitalsAndTextPage,null
218010001262,Page type,Kleine illustraties en tekst op pagina,http://purl.org/vocab/nl/ubvu/TextAndIllustrationPage,null
218010001264,Page type,Lege pagina,http://purl.org/vocab/nl/ubvu/EmptyPage,null
218010001265,Page type,Miniaturen en tekst op pagina,http://purl.org/vocab/nl/ubvu/IlluminatedCapitalsAndTextPage,null
218010001270,Page type,Enkel tekst op pagina,http://purl.org/vocab/nl/ubvu/OnlyTextPage,null
218010001276,Page type,Kleine illustraties en tekst op pagina,http://purl.org/vocab/nl/ubvu/TextAndIllustrationPage,null
218010001278,Page type,Lege pagina,http://purl.org/vocab/nl/ubvu/EmptyPage,null
218010001283,Page type,Miniaturen en tekst op pagina,http://purl.org/vocab/nl/ubvu/IlluminatedCapitalsAndTextPage,null
218010001294,Page type,Lege pagina,http://purl.org/vocab/nl/ubvu/EmptyPage,null
218010001296,Page type,Kleine illustraties en tekst op pagina,http://purl.org/vocab/nl/ubvu/TextAndIllustrationPage,null
218010001303,Page type,Paginavullende illustratie,http://purl.org/vocab/nl/ubvu/FullPageIllustration,null
218010001304,Page type,Lege pagina,http://purl.org/vocab/nl/ubvu/EmptyPage,null
218010001305,Page type,Miniaturen en tekst op pagina,http://purl.org/vocab/nl/ubvu/IlluminatedCapitalsAndTextPage,null
218010001306,Page type,Kleine illustraties en tekst op pagina,http://purl.org/vocab/nl/ubvu/TextAndIllustrationPage,null
218010001307,Page type,Paginavullende illustratie,http://purl.org/vocab/nl/ubvu/FullPageIllustration,null
218010001308,Page type,Lege pagina,http://purl.org/vocab/nl/ubvu/EmptyPage,null
218010001309,Page type,Miniaturen en tekst op pagina,http://purl.org/vocab/nl/ubvu/IlluminatedCapitalsAndTextPage,null
218010001312,Page type,Lege pagina,http://purl.org/vocab/nl/ubvu/EmptyPage,null
218010001319,Page type,Kleine illustraties en tekst op pagina,http://purl.org/vocab/nl/ubvu/TextAndIllustrationPage,null
218010001323,Page type,Paginavullende illustratie,http://purl.org/vocab/nl/ubvu/FullPageIllustration,null
218010001324,Page type,Lege pagina,http://purl.org/vocab/nl/ubvu/EmptyPage,null
218010001325,Page type,Miniaturen en tekst op pagina,http://purl.org/vocab/nl/ubvu/IlluminatedCapitalsAndTextPage,null
218010001329,Page type,Gedeeltijke illustratie op pagina,http://purl.org/vocab/nl/ubvu/PartialIllustrationPage,null
218010001330,Page type,Lege pagina,http://purl.org/vocab/nl/ubvu/EmptyPage,null
218010001333,Page type,Paginavullende illustratie,http://purl.org/vocab/nl/ubvu/FullPageIllustration,null
218010001334,Page type,Lege pagina,http://purl.org/vocab/nl/ubvu/EmptyPage,null
218010001337,Page type,Paginavullende illustratie,http://purl.org/vocab/nl/ubvu/FullPageIllustration,null
218010001339,Page type,Miniaturen en tekst op pagina,http://purl.org/vocab/nl/ubvu/IlluminatedCapitalsAndTextPage,null
218010001340,Page type,Kleine illustraties en tekst op pagina,http://purl.org/vocab/nl/ubvu/TextAndIllustrationPage,null
218010001341,Page type,Lege pagina,http://purl.org/vocab/nl/ubvu/EmptyPage,null
218010001343,Page type,Gedeeltijke illustratie op pagina,http://purl.org/vocab/nl/ubvu/PartialIllustrationPage,null
218010001344,Page type,Lege pagina,http://purl.org/vocab/nl/ubvu/EmptyPage,null
218010001345,Page type,Miniaturen en tekst op pagina,http://purl.org/vocab/nl/ubvu/IlluminatedCapitalsAndTextPage,null
218010001346,Page type,Kleine illustraties en tekst op pagina,http://purl.org/vocab/nl/ubvu/TextAndIllustrationPage,null
218010001348,Page type,Lege pagina,http://purl.org/vocab/nl/ubvu/EmptyPage,null
218010001349,Page type,Miniaturen en tekst op pagina,http://purl.org/vocab/nl/ubvu/IlluminatedCapitalsAndTextPage,null
218010001350,Page type,Kleine illustraties en tekst op pagina,http://purl.org/vocab/nl/ubvu/TextAndIllustrationPage,null
218010001351,Page type,Paginavullende illustratie,http://purl.org/vocab/nl/ubvu/FullPageIllustration,null
218010001352,Page type,Lege pagina,http://purl.org/vocab/nl/ubvu/EmptyPage,null
218010001355,Page type,Paginavullende illustratie,http://purl.org/vocab/nl/ubvu/FullPageIllustration,null
218010001362,Page type,Kleine illustraties en tekst op pagina,http://purl.org/vocab/nl/ubvu/TextAndIllustrationPage,null
218010001364,Page type,Lege pagina,http://purl.org/vocab/nl/ubvu/EmptyPage,null
218010001366,Page type,Kleine illustraties en tekst op pagina,http://purl.org/vocab/nl/ubvu/TextAndIllustrationPage,null
218010001367,Page type,Paginavullende illustratie,http://purl.org/vocab/nl/ubvu/FullPageIllustration,null
218010001369,Page type,Miniaturen en tekst op pagina,http://purl.org/vocab/nl/ubvu/IlluminatedCapitalsAndTextPage,null
218010001371,Page type,Gedeeltijke illustratie op pagina,http://purl.org/vocab/nl/ubvu/PartialIllustrationPage,null
218010001373,Page type,Miniaturen en tekst op pagina,http://purl.org/vocab/nl/ubvu/IlluminatedCapitalsAndTextPage,null
218010001374,Page type,Kleine illustraties en tekst op pagina,http://purl.org/vocab/nl/ubvu/TextAndIllustrationPage,null
218010001376,Page type,Lege pagina,http://purl.org/vocab/nl/ubvu/EmptyPage,null
218010001380,Page type,Gedeeltijke illustratie op pagina,http://purl.org/vocab/nl/ubvu/PartialIllustrationPage,null
218010001383,Page type,Miniaturen en tekst op pagina,http://purl.org/vocab/nl/ubvu/IlluminatedCapitalsAndTextPage,null
218010001384,Page type,Kleine illustraties en tekst op pagina,http://purl.org/vocab/nl/ubvu/TextAndIllustrationPage,null
218010001387,Page type,Miniaturen en tekst op pagina,http://purl.org/vocab/nl/ubvu/IlluminatedCapitalsAndTextPage,null
218010001389,Page type,Paginavullende illustratie,http://purl.org/vocab/nl/ubvu/FullPageIllustration,null
218010001390,Page type,Lege pagina,http://purl.org/vocab/nl/ubvu/EmptyPage,null
218010001396,Page type,Gedeeltijke illustratie op pagina,http://purl.org/vocab/nl/ubvu/PartialIllustrationPage,null
218010001397,Page type,Kleine illustraties en tekst op pagina,http://purl.org/vocab/nl/ubvu/TextAndIllustrationPage,null
218010001398,Page type,Miniaturen en tekst op pagina,http://purl.org/vocab/nl/ubvu/IlluminatedCapitalsAndTextPage,null
218010001399,Page type,Lege pagina,http://purl.org/vocab/nl/ubvu/EmptyPage,null
218010001400,Page type,Paginavullende illustratie,http://purl.org/vocab/nl/ubvu/FullPageIllustration,null
218010001402,Page type,Miniaturen en tekst op pagina,http://purl.org/vocab/nl/ubvu/IlluminatedCapitalsAndTextPage,null
218010001403,Page type,Lege pagina,http://purl.org/vocab/nl/ubvu/EmptyPage,null
218010001406,Page type,Miniaturen en tekst op pagina,http://purl.org/vocab/nl/ubvu/IlluminatedCapitalsAndTextPage,null
218010001407,Page type,Lege pagina,http://purl.org/vocab/nl/ubvu/EmptyPage,null
218010001409,Page type,Gedeeltijke illustratie op pagina,http://purl.org/vocab/nl/ubvu/PartialIllustrationPage,null
218010001410,Page type,Lege pagina,http://purl.org/vocab/nl/ubvu/EmptyPage,null
218010001411,Page type,Miniaturen en tekst op pagina,http://purl.org/vocab/nl/ubvu/IlluminatedCapitalsAndTextPage,null
218010001413,Page type,Paginavullende illustratie,http://purl.org/vocab/nl/ubvu/FullPageIllustration,null
218010001422,Page type,Lege pagina,http://purl.org/vocab/nl/ubvu/EmptyPage,null
218010001423,Page type,Miniaturen en tekst op pagina,http://purl.org/vocab/nl/ubvu/IlluminatedCapitalsAndTextPage,null
218010001429,Page type,Paginavullende illustratie,http://purl.org/vocab/nl/ubvu/FullPageIllustration,null
218010001434,Page type,Lege pagina,http://purl.org/vocab/nl/ubvu/EmptyPage,null
218010001437,Page type,Paginavullende illustratie,http://purl.org/vocab/nl/ubvu/FullPageIllustration,null
218010001438,Page type,Lege pagina,http://purl.org/vocab/nl/ubvu/EmptyPage,null
218010001439,Page type,Miniaturen en tekst op pagina,http://purl.org/vocab/nl/ubvu/IlluminatedCapitalsAndTextPage,null
218010001442,Page type,Lege pagina,http://purl.org/vocab/nl/ubvu/EmptyPage,null
218010001443,Page type,Miniaturen en tekst op pagina,http://purl.org/vocab/nl/ubvu/IlluminatedCapitalsAndTextPage,null
218010001447,Page type,Miniaturen en tekst op pagina,http://purl.org/vocab/nl/ubvu/IlluminatedCapitalsAndTextPage,null
218010001448,Page type,Kleine illustraties en tekst op pagina,http://purl.org/vocab/nl/ubvu/TextAndIllustrationPage,null
218010001455,Page type,Miniaturen en tekst op pagina,http://purl.org/vocab/nl/ubvu/IlluminatedCapitalsAndTextPage,null
218010001458,Page type,Lege pagina,http://purl.org/vocab/nl/ubvu/EmptyPage,null
218010001459,Page type,Miniaturen en tekst op pagina,http://purl.org/vocab/nl/ubvu/IlluminatedCapitalsAndTextPage,null
218010001466,Page type,Lege pagina,http://purl.org/vocab/nl/ubvu/EmptyPage,null
218010001468,Page type,Kleine illustraties en tekst op pagina,http://purl.org/vocab/nl/ubvu/TextAndIllustrationPage,null
218010001469,Page type,Paginavullende illustratie,http://purl.org/vocab/nl/ubvu/FullPageIllustration,null
218010001470,Page type,Lege pagina,http://purl.org/vocab/nl/ubvu/EmptyPage,null
218010001473,Page type,Paginavullende illustratie,http://purl.org/vocab/nl/ubvu/FullPageIllustration,null
218010001474,Page type,Lege pagina,http://purl.org/vocab/nl/ubvu/EmptyPage,null
218010001477,Page type,Paginavullende illustratie,http://purl.org/vocab/nl/ubvu/FullPageIllustration,null
218010001478,Page type,Lege pagina,http://purl.org/vocab/nl/ubvu/EmptyPage,null
218010001486,Page type,Lege pagina,http://purl.org/vocab/nl/ubvu/EmptyPage,null
218010001488,Page type,Enkel tekst op pagina,http://purl.org/vocab/nl/ubvu/OnlyTextPage,null
218010001490,Page type,Lege pagina,http://purl.org/vocab/nl/ubvu/EmptyPage,null
218010001495,Page type,Miniaturen en tekst op pagina,http://purl.org/vocab/nl/ubvu/IlluminatedCapitalsAndTextPage,null
218010001496,Page type,Kleine illustraties en tekst op pagina,http://purl.org/vocab/nl/ubvu/TextAndIllustrationPage,null
218010001501,Page type,Miniaturen en tekst op pagina,http://purl.org/vocab/nl/ubvu/IlluminatedCapitalsAndTextPage,null
218010001502,Page type,Kleine illustraties en tekst op pagina,http://purl.org/vocab/nl/ubvu/TextAndIllustrationPage,null
218010001504,Page type,Lege pagina,http://purl.org/vocab/nl/ubvu/EmptyPage,null
218010001506,Page type,Kleine illustraties en tekst op pagina,http://purl.org/vocab/nl/ubvu/TextAndIllustrationPage,null
218010001510,Page type,Kleine illustraties en tekst op pagina,http://purl.org/vocab/nl/ubvu/TextAndIllustrationPage,null
218010001511,Page type,Paginavullende illustratie,http://purl.org/vocab/nl/ubvu/FullPageIllustration,null
218010001512,Page type,Lege pagina,http://purl.org/vocab/nl/ubvu/EmptyPage,null
218010001513,Page type,Miniaturen en tekst op pagina,http://purl.org/vocab/nl/ubvu/IlluminatedCapitalsAndTextPage,null
218010001518,Page type,Lege pagina,http://purl.org/vocab/nl/ubvu/EmptyPage,null
218010001520,Page type,Enkel tekst op pagina,http://purl.org/vocab/nl/ubvu/OnlyTextPage,null
218010001521,Page type,Paginavullende illustratie,http://purl.org/vocab/nl/ubvu/FullPageIllustration,null
218010001522,Page type,Lege pagina,http://purl.org/vocab/nl/ubvu/EmptyPage,null
218010001523,Page type,Miniaturen en tekst op pagina,http://purl.org/vocab/nl/ubvu/IlluminatedCapitalsAndTextPage,null
218010001526,Page type,Lege pagina,http://purl.org/vocab/nl/ubvu/EmptyPage,null
218010001528,Page type,Kleine illustraties en tekst op pagina,http://purl.org/vocab/nl/ubvu/TextAndIllustrationPage,null
218010001529,Page type,Paginavullende illustratie,http://purl.org/vocab/nl/ubvu/FullPageIllustration,null
218010001530,Page type,Lege pagina,http://purl.org/vocab/nl/ubvu/EmptyPage,null
218010001533,Page type,Lege pagina,http://purl.org/vocab/nl/ubvu/EmptyPage,null
218010001534,Page type,Paginavullende illustratie,http://purl.org/vocab/nl/ubvu/FullPageIllustration,null
218010001540,Page type,Lege pagina,http://purl.org/vocab/nl/ubvu/EmptyPage,null
218010001542,Page type,Kleine illustraties en tekst op pagina,http://purl.org/vocab/nl/ubvu/TextAndIllustrationPage,null
218010001543,Page type,Paginavullende illustratie,http://purl.org/vocab/nl/ubvu/FullPageIllustration,null
218010001549,Page type,Miniaturen en tekst op pagina,http://purl.org/vocab/nl/ubvu/IlluminatedCapitalsAndTextPage,null
218010001550,Page type,Enkel tekst op pagina,http://purl.org/vocab/nl/ubvu/OnlyTextPage,null
218010001551,Page type,Paginavullende illustratie,http://purl.org/vocab/nl/ubvu/FullPageIllustration,null
218010001552,Page type,Lege pagina,http://purl.org/vocab/nl/ubvu/EmptyPage,null
218010001558,Page type,Enkel tekst op pagina,http://purl.org/vocab/nl/ubvu/OnlyTextPage,null
218010001560,Page type,Kleine illustraties en tekst op pagina,http://purl.org/vocab/nl/ubvu/TextAndIllustrationPage,null
218010001567,Page type,Paginavullende illustratie,http://purl.org/vocab/nl/ubvu/FullPageIllustration,null
218010001568,Page type,Lege pagina,http://purl.org/vocab/nl/ubvu/EmptyPage,null
218010001569,Page type,Kleine illustraties en tekst op pagina,http://purl.org/vocab/nl/ubvu/TextAndIllustrationPage,null
218010001574,Page type,Enkel tekst op pagina,http://purl.org/vocab/nl/ubvu/OnlyTextPage,null
218010001575,Page type,Kleine illustraties en tekst op pagina,http://purl.org/vocab/nl/ubvu/TextAndIllustrationPage,null
218010001577,Page type,Paginavullende illustratie,http://purl.org/vocab/nl/ubvu/FullPageIllustration,null
218010001578,Page type,Lege pagina,http://purl.org/vocab/nl/ubvu/EmptyPage,null
218010001579,Page type,Miniaturen en tekst op pagina,http://purl.org/vocab/nl/ubvu/IlluminatedCapitalsAndTextPage,null
218010001582,Page type,Lege pagina,http://purl.org/vocab/nl/ubvu/EmptyPage,null
218010001585,Page type,Lege pagina,http://purl.org/vocab/nl/ubvu/EmptyPage,null
218010001587,Page type,Gedeeltijke illustratie op pagina,http://purl.org/vocab/nl/ubvu/PartialIllustrationPage,null
218010001588,Page type,Lege pagina,http://purl.org/vocab/nl/ubvu/EmptyPage,null
218010001593,Page type,Miniaturen en tekst op pagina,http://purl.org/vocab/nl/ubvu/IlluminatedCapitalsAndTextPage,null
218010001594,Page type,Kleine illustraties en tekst op pagina,http://purl.org/vocab/nl/ubvu/TextAndIllustrationPage,null
218010001598,Page type,Enkel tekst op pagina,http://purl.org/vocab/nl/ubvu/OnlyTextPage,null
218010001604,Page type,Enkel tekst op pagina,http://purl.org/vocab/nl/ubvu/OnlyTextPage,null
218010001607,Page type,Miniaturen en tekst op pagina,http://purl.org/vocab/nl/ubvu/IlluminatedCapitalsAndTextPage,null
218010001611,Page type,Miniaturen en tekst op pagina,http://purl.org/vocab/nl/ubvu/IlluminatedCapitalsAndTextPage,null
218010001614,Page type,Gedeeltijke illustratie op pagina,http://purl.org/vocab/nl/ubvu/PartialIllustrationPage,null
218010001615,Page type,Paginavullende illustratie,http://purl.org/vocab/nl/ubvu/FullPageIllustration,null
218010001616,Page type,Lege pagina,http://purl.org/vocab/nl/ubvu/EmptyPage,null
218010001620,Page type,Gedeeltijke illustratie op pagina,http://purl.org/vocab/nl/ubvu/PartialIllustrationPage,null
218010001621,Page type,Gedeeltijke illustratie op pagina,http://purl.org/vocab/nl/ubvu/PartialIllustrationPage,null
218010001625,Page type,Lege pagina,http://purl.org/vocab/nl/ubvu/EmptyPage,null
218010001626,Page type,Gedeeltijke illustratie op pagina,http://purl.org/vocab/nl/ubvu/PartialIllustrationPage,null
218010001630,Page type,Tekst op pagina,http://purl.org/vocab/nl/ubvu/TextPage,null
218010001633,Page type,Kleine illustraties en tekst op pagina,http://purl.org/vocab/nl/ubvu/TextAndIllustrationPage,null
218010001634,Page type,Lege pagina,http://purl.org/vocab/nl/ubvu/EmptyPage,null
218010001643,Page type,Enkel tekst op pagina,http://purl.org/vocab/nl/ubvu/OnlyTextPage,null
218010001645,Page type,Enkel tekst op pagina,http://purl.org/vocab/nl/ubvu/OnlyTextPage,null
218010001648,Page type,Lege pagina,http://purl.org/vocab/nl/ubvu/EmptyPage,null
218010001649,Page type,Kleine illustraties en tekst op pagina,http://purl.org/vocab/nl/ubvu/TextAndIllustrationPage,null
218010001650,Page type,Kleine illustraties en tekst op pagina,http://purl.org/vocab/nl/ubvu/TextAndIllustrationPage,null
218010001651,Page type,Paginavullende illustratie,http://purl.org/vocab/nl/ubvu/FullPageIllustration,null
218010001653,Page type,Miniaturen en tekst op pagina,http://purl.org/vocab/nl/ubvu/IlluminatedCapitalsAndTextPage,null
218010001654,Page type,Tekst op pagina,http://purl.org/vocab/nl/ubvu/TextPage,null
218010001657,Page type,Paginavullende illustratie,http://purl.org/vocab/nl/ubvu/FullPageIllustration,null
218010001659,Page type,Miniaturen en tekst op pagina,http://purl.org/vocab/nl/ubvu/IlluminatedCapitalsAndTextPage,null
218010001661,Page type,Enkel tekst op pagina,http://purl.org/vocab/nl/ubvu/OnlyTextPage,null
218010001662,Page type,Kleine illustraties en tekst op pagina,http://purl.org/vocab/nl/ubvu/TextAndIllustrationPage,null
218010001664,Page type,Gedeeltijke illustratie op pagina,http://purl.org/vocab/nl/ubvu/PartialIllustrationPage,null
218010001672,Page type,Lege pagina,http://purl.org/vocab/nl/ubvu/EmptyPage,null
218010001674,Page type,Kleine illustraties en tekst op pagina,http://purl.org/vocab/nl/ubvu/TextAndIllustrationPage,null
218010001678,Page type,Kleine illustraties en tekst op pagina,http://purl.org/vocab/nl/ubvu/TextAndIllustrationPage,null
218010001683,Page type,Paginavullende illustratie,http://purl.org/vocab/nl/ubvu/FullPageIllustration,null
218010001684,Page type,Lege pagina,http://purl.org/vocab/nl/ubvu/EmptyPage,null
218010001686,Page type,Enkel tekst op pagina,http://purl.org/vocab/nl/ubvu/OnlyTextPage,null
218010001687,Page type,Paginavullende illustratie,http://purl.org/vocab/nl/ubvu/FullPageIllustration,null
218010001688,Page type,Lege pagina,http://purl.org/vocab/nl/ubvu/EmptyPage,null
218010001690,Page type,Kleine illustraties en tekst op pagina,http://purl.org/vocab/nl/ubvu/TextAndIllustrationPage,null
218010001692,Page type,Gedeeltijke illustratie op pagina,http://purl.org/vocab/nl/ubvu/PartialIllustrationPage,null
218010001694,Page type,Lege pagina,http://purl.org/vocab/nl/ubvu/EmptyPage,null
218010001696,Page type,Kleine illustraties en tekst op pagina,http://purl.org/vocab/nl/ubvu/TextAndIllustrationPage,null
218010001700,Page type,Geïllustreerde pagina,http://purl.org/vocab/nl/ubvu/IllustratedPage,null
218010001703,Page type,Miniaturen en tekst op pagina,http://purl.org/vocab/nl/ubvu/IlluminatedCapitalsAndTextPage,null
218010001711,Page type,Miniaturen en tekst op pagina,http://purl.org/vocab/nl/ubvu/IlluminatedCapitalsAndTextPage,null
218010001712,Page type,Kleine illustraties en tekst op pagina,http://purl.org/vocab/nl/ubvu/TextAndIllustrationPage,null
218010001718,Page type,Kleine illustraties en tekst op pagina,http://purl.org/vocab/nl/ubvu/TextAndIllustrationPage,null
218010001721,Page type,Gedeeltijke illustratie op pagina,http://purl.org/vocab/nl/ubvu/PartialIllustrationPage,null
218010001723,Page type,Miniaturen en tekst op pagina,http://purl.org/vocab/nl/ubvu/IlluminatedCapitalsAndTextPage,null
218010001730,Page type,Kleine illustraties en tekst op pagina,http://purl.org/vocab/nl/ubvu/TextAndIllustrationPage,null
218010001732,Page type,Lege pagina,http://purl.org/vocab/nl/ubvu/EmptyPage,null
218010001735,Page type,Paginavullende illustratie,http://purl.org/vocab/nl/ubvu/FullPageIllustration,null
218010001738,Page type,Kleine illustraties en tekst op pagina,http://purl.org/vocab/nl/ubvu/TextAndIllustrationPage,null
218010001746,Page type,Kleine illustraties en tekst op pagina,http://purl.org/vocab/nl/ubvu/TextAndIllustrationPage,null
218010001750,Page type,Geïllustreerde pagina,http://purl.org/vocab/nl/ubvu/IllustratedPage,null
218010001752,Page type,Lege pagina,http://purl.org/vocab/nl/ubvu/EmptyPage,null
218010001756,Page type,Lege pagina,http://purl.org/vocab/nl/ubvu/EmptyPage,null
218010001758,Page type,Kleine illustraties en tekst op pagina,http://purl.org/vocab/nl/ubvu/TextAndIllustrationPage,null
218010001761,Page type,Miniaturen en tekst op pagina,http://purl.org/vocab/nl/ubvu/IlluminatedCapitalsAndTextPage,null
218010001762,Page type,Kleine illustraties en tekst op pagina,http://purl.org/vocab/nl/ubvu/TextAndIllustrationPage,null
218010001763,Page type,Paginavullende illustratie,http://purl.org/vocab/nl/ubvu/FullPageIllustration,null
218010001767,Page type,Paginavullende illustratie,http://purl.org/vocab/nl/ubvu/FullPageIllustration,null
218010001776,Page type,Kleine illustraties en tekst op pagina,http://purl.org/vocab/nl/ubvu/TextAndIllustrationPage,null
218010001777,Page type,Lege pagina,http://purl.org/vocab/nl/ubvu/EmptyPage,null
218010001778,Page type,Gedeeltijke illustratie op pagina,http://purl.org/vocab/nl/ubvu/PartialIllustrationPage,null
218010001779,Page type,Paginavullende illustratie,http://purl.org/vocab/nl/ubvu/FullPageIllustration,null
218010001781,Page type,Miniaturen en tekst op pagina,http://purl.org/vocab/nl/ubvu/IlluminatedCapitalsAndTextPage,null
218010001784,Page type,Lege pagina,http://purl.org/vocab/nl/ubvu/EmptyPage,null
218010001787,Page type,Paginavullende illustratie,http://purl.org/vocab/nl/ubvu/FullPageIllustration,null
218010001789,Page type,Miniaturen en tekst op pagina,http://purl.org/vocab/nl/ubvu/IlluminatedCapitalsAndTextPage,null
218010001790,Page type,Kleine illustraties en tekst op pagina,http://purl.org/vocab/nl/ubvu/TextAndIllustrationPage,null
218010001796,Page type,Lege pagina,http://purl.org/vocab/nl/ubvu/EmptyPage,null
218010001801,Page type,Miniaturen en tekst op pagina,http://purl.org/vocab/nl/ubvu/IlluminatedCapitalsAndTextPage,null
218010001802,Page type,Kleine illustraties en tekst op pagina,http://purl.org/vocab/nl/ubvu/TextAndIllustrationPage,null
218010001810,Page type,Enkel tekst op pagina,http://purl.org/vocab/nl/ubvu/OnlyTextPage,null
218010001811,Page type,Lege pagina,http://purl.org/vocab/nl/ubvu/EmptyPage,null
218010001812,Page type,Paginavullende illustratie,http://purl.org/vocab/nl/ubvu/FullPageIllustration,null
218010001814,Page type,Lege pagina,http://purl.org/vocab/nl/ubvu/EmptyPage,null
218010001816,Page type,Kleine illustraties en tekst op pagina,http://purl.org/vocab/nl/ubvu/TextAndIllustrationPage,null
218010001818,Page type,Lege pagina,http://purl.org/vocab/nl/ubvu/EmptyPage,null
218010001820,Page type,Kleine illustraties en tekst op pagina,http://purl.org/vocab/nl/ubvu/TextAndIllustrationPage,null
218010001823,Page type,Miniaturen en tekst op pagina,http://purl.org/vocab/nl/ubvu/IlluminatedCapitalsAndTextPage,null
218010001828,Page type,Lege pagina,http://purl.org/vocab/nl/ubvu/EmptyPage,null
218010001830,Page type,Enkel tekst op pagina,http://purl.org/vocab/nl/ubvu/OnlyTextPage,null
218010001834,Page type,Kleine illustraties en tekst op pagina,http://purl.org/vocab/nl/ubvu/TextAndIllustrationPage,null
218010001836,Page type,Lege pagina,http://purl.org/vocab/nl/ubvu/EmptyPage,null
218010001837,Page type,Miniaturen en tekst op pagina,http://purl.org/vocab/nl/ubvu/IlluminatedCapitalsAndTextPage,null
218010001838,Page type,Kleine illustraties en tekst op pagina,http://purl.org/vocab/nl/ubvu/TextAndIllustrationPage,null
218010001840,Page type,Lege pagina,http://purl.org/vocab/nl/ubvu/EmptyPage,null
218010001848,Page type,Lege pagina,http://purl.org/vocab/nl/ubvu/EmptyPage,null
218010001855,Page type,Paginavullende illustratie,http://purl.org/vocab/nl/ubvu/FullPageIllustration,null
218010001857,Page type,Kleine illustraties en tekst op pagina,http://purl.org/vocab/nl/ubvu/TextAndIllustrationPage,null
218010001860,Page type,Gedeeltijke illustratie op pagina,http://purl.org/vocab/nl/ubvu/PartialIllustrationPage,null
218010001862,Page type,Lege pagina,http://purl.org/vocab/nl/ubvu/EmptyPage,null
218010001863,Page type,Miniaturen en tekst op pagina,http://purl.org/vocab/nl/ubvu/IlluminatedCapitalsAndTextPage,null
218010001864,Page type,Kleine illustraties en tekst op pagina,http://purl.org/vocab/nl/ubvu/TextAndIllustrationPage,null
218010001871,Page type,Paginavullende illustratie,http://purl.org/vocab/nl/ubvu/FullPageIllustration,null
218010001873,Page type,Paginavullende illustratie,http://purl.org/vocab/nl/ubvu/FullPageIllustration,null
218010001874,Page type,Lege pagina,http://purl.org/vocab/nl/ubvu/EmptyPage,null
218010001879,Page type,Paginavullende illustratie,http://purl.org/vocab/nl/ubvu/FullPageIllustration,null
218010001880,Page type,Lege pagina,http://purl.org/vocab/nl/ubvu/EmptyPage,null
218010001881,Page type,Miniaturen en tekst op pagina,http://purl.org/vocab/nl/ubvu/IlluminatedCapitalsAndTextPage,null
218010001884,Page type,Lege pagina,http://purl.org/vocab/nl/ubvu/EmptyPage,null
218010001885,Page type,Miniaturen en tekst op pagina,http://purl.org/vocab/nl/ubvu/IlluminatedCapitalsAndTextPage,null
218010001886,Page type,Kleine illustraties en tekst op pagina,http://purl.org/vocab/nl/ubvu/TextAndIllustrationPage,null
218010001887,Page type,Paginavullende illustratie,http://purl.org/vocab/nl/ubvu/FullPageIllustration,null
218010001894,Page type,Tekst op pagina,http://purl.org/vocab/nl/ubvu/TextPage,null
218010001895,Page type,Paginavullende illustratie,http://purl.org/vocab/nl/ubvu/FullPageIllustration,null
218010001897,Page type,Miniaturen en tekst op pagina,http://purl.org/vocab/nl/ubvu/IlluminatedCapitalsAndTextPage,null
218010001898,Page type,Kleine illustraties en tekst op pagina,http://purl.org/vocab/nl/ubvu/TextAndIllustrationPage,null
218010001899,Page type,Paginavullende illustratie,http://purl.org/vocab/nl/ubvu/FullPageIllustration,null
218010001901,Page type,Miniaturen en tekst op pagina,http://purl.org/vocab/nl/ubvu/IlluminatedCapitalsAndTextPage,null
218010001903,Page type,Paginavullende illustratie,http://purl.org/vocab/nl/ubvu/FullPageIllustration,null
218010001904,Page type,Lege pagina,http://purl.org/vocab/nl/ubvu/EmptyPage,null
218010001905,Page type,Miniaturen en tekst op pagina,http://purl.org/vocab/nl/ubvu/IlluminatedCapitalsAndTextPage,null
218010001909,Page type,Gedeeltijke illustratie op pagina,http://purl.org/vocab/nl/ubvu/PartialIllustrationPage,null
218010001911,Page type,Miniaturen en tekst op pagina,http://purl.org/vocab/nl/ubvu/IlluminatedCapitalsAndTextPage,null
218010001912,Page type,Tekst op pagina,http://purl.org/vocab/nl/ubvu/TextPage,null
218010001913,Page type,Paginavullende illustratie,http://purl.org/vocab/nl/ubvu/FullPageIllustration,null
218010001924,Page type,Kleine illustraties en tekst op pagina,http://purl.org/vocab/nl/ubvu/TextAndIllustrationPage,null
218010001925,Page type,Paginavullende illustratie,http://purl.org/vocab/nl/ubvu/FullPageIllustration,null
218010001930,Page type,Lege pagina,http://purl.org/vocab/nl/ubvu/EmptyPage,null
218010001934,Page type,Lege pagina,http://purl.org/vocab/nl/ubvu/EmptyPage,null
218010001935,Page type,Miniaturen en tekst op pagina,http://purl.org/vocab/nl/ubvu/IlluminatedCapitalsAndTextPage,null
218010001937,Page type,Paginavullende illustratie,http://purl.org/vocab/nl/ubvu/FullPageIllustration,null
218010001942,Page type,Lege pagina,http://purl.org/vocab/nl/ubvu/EmptyPage,null
218010001945,Page type,Paginavullende illustratie,http://purl.org/vocab/nl/ubvu/FullPageIllustration,null
218010001947,Page type,Miniaturen en tekst op pagina,http://purl.org/vocab/nl/ubvu/IlluminatedCapitalsAndTextPage,null
218010001953,Page type,Miniaturen en tekst op pagina,http://purl.org/vocab/nl/ubvu/IlluminatedCapitalsAndTextPage,null
218010001957,Page type,Lege pagina,http://purl.org/vocab/nl/ubvu/EmptyPage,null
218010001958,Page type,Lege pagina,http://purl.org/vocab/nl/ubvu/EmptyPage,null
218010001961,Page type,Lege pagina,http://purl.org/vocab/nl/ubvu/EmptyPage,null
218010001962,Page type,Lege pagina,http://purl.org/vocab/nl/ubvu/EmptyPage,null
218010001963,Page type,Pagina,http://purl.org/vocab/nl/ubvu/Page,null
218010001964,Page type,Gedeeltijke illustratie op pagina,http://purl.org/vocab/nl/ubvu/PartialIllustrationPage,null
218010002004,Page type,Meerdere illustraties op pagina,http://purl.org/vocab/nl/ubvu/MultipleIllustrationsPage,null
218010002005,Page type,Meerdere illustraties op pagina,http://purl.org/vocab/nl/ubvu/MultipleIllustrationsPage,null
218010002012,Page type,Meerdere illustraties op pagina,http://purl.org/vocab/nl/ubvu/MultipleIllustrationsPage,null
218010002014,Page type,Meerdere illustraties op pagina,http://purl.org/vocab/nl/ubvu/MultipleIllustrationsPage,null
218010002015,Page type,Meerdere illustraties op pagina,http://purl.org/vocab/nl/ubvu/MultipleIllustrationsPage,null
218010002016,Page type,Meerdere illustraties op pagina,http://purl.org/vocab/nl/ubvu/MultipleIllustrationsPage,null
218010002017,Page type,Meerdere illustraties op pagina,http://purl.org/vocab/nl/ubvu/MultipleIllustrationsPage,null
218010002018,Page type,Meerdere illustraties op pagina,http://purl.org/vocab/nl/ubvu/MultipleIllustrationsPage,null
218010002022,Page type,Meerdere illustraties op pagina,http://purl.org/vocab/nl/ubvu/MultipleIllustrationsPage,null
218010002023,Page type,Meerdere illustraties op pagina,http://purl.org/vocab/nl/ubvu/MultipleIllustrationsPage,null
218010002025,Page type,Meerdere illustraties op pagina,http://purl.org/vocab/nl/ubvu/MultipleIllustrationsPage,null
218010002028,Page type,Meerdere illustraties op pagina,http://purl.org/vocab/nl/ubvu/MultipleIllustrationsPage,null
218010002033,Page type,Meerdere illustraties op pagina,http://purl.org/vocab/nl/ubvu/MultipleIllustrationsPage,null
218010002035,Page type,Meerdere illustraties op pagina,http://purl.org/vocab/nl/ubvu/MultipleIllustrationsPage,null
218010002037,Page type,Meerdere illustraties op pagina,http://purl.org/vocab/nl/ubvu/MultipleIllustrationsPage,null
218010002039,Page type,Meerdere illustraties op pagina,http://purl.org/vocab/nl/ubvu/MultipleIllustrationsPage,null
218010002040,Page type,Meerdere illustraties op pagina,http://purl.org/vocab/nl/ubvu/MultipleIllustrationsPage,null
218010002041,Page type,Geïllustreerde pagina,http://purl.org/vocab/nl/ubvu/IllustratedPage,null
